CaseNumber,Chronic_pain,Depression_18,Anxiety_14,IL6,IL10,TNFalpha,CRP,ACTH,PTC,IL6/IL10,TNFalpha/IL10,CRP/IL10,PTC/ACTH,PTC/IL6,PTC/CRP,IL6/TNFalpha,CRP/IL6,ACTH/IL6
1521,0,1,0,1.53,2.5527242639903536,1.252888881670982,1.62,7.8,191,0.599359681,0.490804628,0.634616133,24.48717949,124.8366013,117.9012346,1.22117773,1.058823529,5.098039216
408,1,0,0,2.25,1.1161329720838984,0.9909804730569712,0.5,14.37,189,2.015888838,0.887869544,0.447975297,13.15240084,84,378,2.270478643,0.222222222,6.386666667
1312,1,0,0,1.571369131266212,2.273152881860657,1.2031849225025164,1.65,12.58,188,0.691272964,0.529302245,0.725864069,14.94435612,119.6408891,113.9393939,1.306007998,1.050039718,8.005757368
916,1,0,0,0.75,0.1,0.1,1.9,7.04,186,7.5,1,19,26.42045455,248,97.89473684,7.5,2.533333333,9.386666667
761,1,1,1,0.75,2.69,0.72,2.5,20.23,182,0.278810409,0.267657993,0.92936803,8.996539792,242.6666667,72.8,1.041666667,3.333333333,26.97333333
2179,1,0,0,0.75,40.48,0.1,0.94,7.04,176,0.018527668,0.002470356,0.023221344,25,234.6666667,187.2340426,7.5,1.253333333,9.386666667
1869,1,0,1,2.59,1.47,0.38,2.19,31.61,171,1.761904762,0.258503401,1.489795918,5.409680481,66.02316602,78.08219178,6.815789474,0.845559846,12.2046332
729,1,0,0,3.26,0.1,0.1,1.86,11.73,168,32.6,1,18.6,14.32225064,51.53374233,90.32258065,32.6,0.570552147,3.598159509
503,1,0,1,2.57,1.1642604056064991,1.0027279269702134,1.61,18.93,167,2.207409947,0.861257432,1.382852146,8.8219757,64.98054475,103.7267081,2.563008301,0.626459144,7.365758755
907,1,0,1,1.81,0.1,0.1,4.76,4.48,162,18.1,1,47.6,36.16071429,89.50276243,34.03361345,18.1,2.629834254,2.475138122
2169,1,0,0,1.97,1.94,0.23,3.19,8.06,159,1.015463918,0.118556701,1.644329897,19.72704715,80.7106599,49.84326019,8.565217391,1.61928934,4.091370558
442,1,0,0,3.03,1.16,0.82,3.21,13.57,158,2.612068966,0.706896552,2.767241379,11.64333088,52.14521452,49.2211838,3.695121951,1.059405941,4.478547855
2054,1,0,1,1.88,1.03,1.27,1.86,12.542738479236956,148,1.825242718,1.233009709,1.805825243,11.79965605,78.72340426,79.56989247,1.480314961,0.989361702,6.671669404
464,1,0,0,0.75,1.35,1.3,1.06,17.27,148,0.555555556,0.962962963,0.785185185,8.569774175,197.3333333,139.6226415,0.576923077,1.413333333,23.02666667
870,1,0,0,0.75,2.93,0.97,3.12,11.77,147,0.255972696,0.33105802,1.064846416,12.48937978,196,47.11538462,0.773195876,4.16,15.69333333
414,1,0,0,2.61,2.07,1.07,1.34,7.88,141,1.260869565,0.516908213,0.647342995,17.89340102,54.02298851,105.2238806,2.439252336,0.513409962,3.019157088
389,1,0,0,0.75,0.97,1,1.15,11.85,135,0.773195876,1.030927835,1.18556701,11.39240506,180,117.3913043,0.75,1.533333333,15.8
705,1,0,1,2.01,0.74,0.1,1.38,16.54,130,2.716216216,0.135135135,1.864864865,7.859733978,64.67661692,94.20289855,20.1,0.686567164,8.228855721
2178,0,1,1,0.75,1.98,0.53,0.5,7.52,107,0.378787879,0.267676768,0.252525253,14.2287234,142.6666667,214,1.41509434,0.666666667,10.02666667
2055,0,1,1,1.52,0.3,1.72,1.32,12.68,231.750373935433,5.066666667,5.733333333,4.4,18.27684337,152.4673513,175.5684651,0.88372093,0.868421053,8.342105263
2061,0,0,1,0.75,3.42,2.21,2.45,9.57,226.26693785279187,0.219298246,0.64619883,0.716374269,23.64335819,301.6892505,92.35385218,0.339366516,3.266666667,12.76
2063,1,0,0,0.75,2.32,3.05,1.39,29.79,310.79544880119266,0.323275862,1.314655172,0.599137931,10.43287844,414.3939317,223.5938481,0.245901639,1.853333333,39.72
2102,1,1,1,0.75,0.67,0.88,2.26,22.5,276.4973670612085,1.119402985,1.313432836,3.373134328,12.28877187,368.6631561,122.3439677,0.852272727,3.013333333,30
2115,1,1,1,2.1,0.1,3.55,2.11,10.14,222.96400680667185,21,35.5,21.1,21.98856083,106.1733366,105.6701454,0.591549296,1.004761905,4.828571429
2120,1,1,1,1.54,2.34,5.7,2.42,12.21,239.05033594827955,0.658119658,2.435897436,1.034188034,19.57824209,155.2274909,98.78113056,0.270175439,1.571428571,7.928571429
2135,1,1,1,1.92,19.63,1.43,1.01,13.71,292.77261185434526,0.097809475,0.072847682,0.051451859,21.35467628,152.4857353,289.8738731,1.342657343,0.526041667,7.140625
2147,1,0,1,13.6,4.17,1.68,56.1,16.17,392.6209024406082,3.261390887,0.402877698,13.45323741,24.28082266,28.869184,6.998590061,8.095238095,4.125,1.188970588
439,1,0,0,1.82,0.83,1.4,1.49,24.8,283.8754599091885,2.192771084,1.686746988,1.795180723,11.44659113,155.9755274,190.5204429,1.3,0.818681319,13.62637363
504,1,0,0,0.75,3.12,2.18,1.73,23.78,284.7082773132811,0.240384615,0.698717949,0.554487179,11.97259366,379.6110364,164.5712586,0.344036697,2.306666667,31.70666667
770,0,0,0,0.75,2.56,0.9,2.68,17.77,258.3610094887149,0.29296875,0.3515625,1.046875,14.53916767,344.481346,96.40336175,0.833333333,3.573333333,23.69333333
811,1,0,0,0.75,1.75,0.37,1.5,9.59,216.53051358898608,0.428571429,0.211428571,0.857142857,22.5787814,288.7073515,144.3536757,2.027027027,2,12.78666667
827,1,0,0,0.75,3.25,1,2.48,10.7,228.12316636956425,0.230769231,0.307692308,0.763076923,21.31992209,304.1642218,91.98514773,0.75,3.306666667,14.26666667
899,1,0,0,2.04,3.54,1.47,1.09,21.48,277.19721946227514,0.576271186,0.415254237,0.307909605,12.90489849,135.8809899,254.3093757,1.387755102,0.534313725,10.52941176
957,1,0,1,1.66,0.45,0.1,0.5,13.91,232.3606835071864,3.688888889,0.222222222,1.111111111,16.70457825,139.9763154,464.721367,16.6,0.301204819,8.379518072
1434,0,0,0,0.75,2.9788153524236387,1.3227151757792597,1.31,18.19,356,0.251777942,0.444040674,0.439772139,19.57119296,474.6666667,271.7557252,0.567015495,1.746666667,24.25333333
1375,0,0,0,2.63,2.807241270344801,1.2937993977353492,1.77,20.36,327,0.93686283,0.460879302,0.630512247,16.06090373,124.3346008,184.7457627,2.032772627,0.673003802,7.741444867
2082,0,1,1,0.75,1.22,0.2,5.26,0.5,18.8,0.614754098,0.163934426,4.31147541,37.6,25.06666667,3.574144487,3.75,7.013333333,0.666666667
958,1,1,1,1.62,0.54,0.1,2.02,39.01,336,3,0.185185185,3.740740741,8.613176109,207.4074074,166.3366337,16.2,1.24691358,24.08024691
2096,1,1,1,3.08,2.54,1.99,2.1,7.91,221,1.212598425,0.783464567,0.826771654,27.93931732,71.75324675,105.2380952,1.547738693,0.681818182,2.568181818
2050,0,0,0,3.03,0.62,1.46,1.39,21.27,313,4.887096774,2.35483871,2.241935484,14.71556182,103.30033,225.1798561,2.075342466,0.458745875,7.01980198
2188,0,0,0,1.72,6.55,1.23,2.89,10.87,259,0.26259542,0.18778626,0.441221374,23.82704692,150.5813953,89.61937716,1.398373984,1.680232558,6.319767442
2038,0,0,0,1.81,3.06,0.17,2.46,11.65,257,0.591503268,0.055555556,0.803921569,22.06008584,141.9889503,104.4715447,10.64705882,1.359116022,6.436464088
2150,1,0,1,0.75,4.01,0.83,1.39,28.9,293,0.187032419,0.206982544,0.346633416,10.1384083,390.6666667,210.7913669,0.903614458,1.853333333,38.53333333
814,0,1,0,1.56,2.290603365022966,1.1943629471455792,4.97,21.38,389,0.681043267,0.52141849,2.169733999,18.19457437,249.3589744,78.26961771,1.30613563,3.185897436,13.70512821
315,0,0,0,2.51,2.25,1.3,3.81,17.49,261.6292289656094,1.115555556,0.577777778,1.693333333,14.95878953,104.2347526,68.66908897,1.930769231,1.517928287,6.96812749
1770,0,0,0,1.92,1.32,0.466,1.84,13.03,248,1.454545455,0.353030303,1.393939394,19.03300077,129.1666667,134.7826087,4.120171674,0.958333333,6.786458333
465,0,0,0,2.26,1.06,0.67,1.6,15.4,243.7631527164536,2.132075472,0.632075472,1.509433962,15.82877615,107.8598021,152.3519704,3.373134328,0.707964602,6.814159292
639,0,0,1,0.75,0.79,0.28,1.6,35.48,484,0.949367089,0.35443038,2.025316456,13.64148816,645.3333333,302.5,2.678571429,2.133333333,47.30666667
574,0,1,0,1.53,2.343507692211396,1.196567195203444,1.69,21.49,499,0.652867496,0.510588124,0.721141222,23.22010237,326.1437908,295.2662722,1.278657819,1.104575163,14.04575163
662,0,0,0,2.08,1.18,0.52,1.03,21.15,238,1.762711864,0.440677966,0.872881356,11.25295508,114.4230769,231.0679612,4,0.495192308,10.16826923
2172,0,0,0,1.5279246793495211,4.1,2.77,1.89,16.79,240,0.372664556,0.675609756,0.46097561,14.29422275,157.0758057,126.984127,0.551597357,1.23697197,10.98876157
2119,1,1,1,0.75,10.43,0.86,1.69,6.82,189,0.071907958,0.082454458,0.162032598,27.71260997,252,111.8343195,0.872093023,2.253333333,9.093333333
2099,0,1,1,0.75,0.75,1.95,1.88,11.5,145,1,2.6,2.506666667,12.60869565,193.3333333,77.12765957,0.384615385,2.506666667,15.33333333
2189,0,0,0,2.14,8.51,0.95,1.93,10.93,169,0.25146886,0.111633373,0.226792009,15.46203111,78.97196262,87.56476684,2.252631579,0.901869159,5.107476636
2049,0,1,1,4.96,0.91,1.32,2.49,21.02,279.9942248849063,5.450549451,1.450549451,2.736263736,13.32037226,56.45044857,112.4474799,3.757575758,0.502016129,4.237903226
1603,0,0,0,0.75,2.05,0.74,1.45,23.95,473,0.365853659,0.36097561,0.707317073,19.74947808,630.6666667,326.2068966,1.013513514,1.933333333,31.93333333
2090,0,0,0,0.75,0.1,0.1,1.45,58.3,595,7.5,1,14.5,10.2058319,793.3333333,410.3448276,7.5,1.933333333,77.73333333
759,0,0,0,0.75,1.55,0.9,1.65,39.46,276,0.483870968,0.580645161,1.064516129,6.994424734,368,167.2727273,0.833333333,2.2,52.61333333
400,0,0,0,3.57,1.0811574979031733,0.9827852877781778,8.28,9.8,181,3.302016595,0.909012137,7.658458658,18.46938776,50.70028011,21.85990338,3.63253301,2.319327731,2.745098039
718,1,1,1,0.75,0.63,0.24,2.17,12.31,214,1.19047619,0.380952381,3.444444444,17.38424045,285.3333333,98.61751152,3.125,2.893333333,16.41333333
2043,0,0,0,0.75,1.61,1.41,1.4,15.63,218,0.465838509,0.875776398,0.869565217,13.94753679,290.6666667,155.7142857,0.531914894,1.866666667,20.84
1189,0,1,1,0.75,2.89,0.1,1.89,21.81,420,0.259515571,0.034602076,0.653979239,19.25722146,560,222.2222222,7.5,2.52,29.08
546,1,0,1,2.92,3.74,3.63,2.56,30.72,336,0.780748663,0.970588235,0.684491979,10.9375,115.0684932,131.25,0.804407713,0.876712329,10.52054795
629,0,0,0,2.73,0.24,0.1,3.03,25.62,290.9087421445204,11.375,0.416666667,12.625,11.35475184,106.5599788,96.00948586,27.3,1.10989011,9.384615385
2041,0,0,0,1.6,2.04,0.71,2.51,17.9,260.306365645468,0.784313725,0.348039216,1.230392157,14.54225506,162.6914785,103.7077154,2.253521127,1.56875,11.1875
452,0,0,0,1.87,1.28,0.69,4.26,16.48,114,1.4609375,0.5390625,3.328125,6.917475728,60.96256684,26.76056338,2.710144928,2.278074866,8.812834225
300,1,1,1,2.32,1.21,0.89,3.35,3.84,382,1.917355372,0.73553719,2.768595041,99.47916667,164.6551724,114.0298507,2.606741573,1.443965517,1.655172414
885,1,0,0,2.29,2.88,2.15,1.87,30.42,328,0.795138889,0.746527778,0.649305556,10.78238001,143.231441,175.4010695,1.065116279,0.816593886,13.28384279
784,1,1,1,0.75,8.77,15.67,1.75,42.06,263,0.085518814,1.78677309,0.1995439,6.252971945,350.6666667,150.2857143,0.047862157,2.333333333,56.08
1065,1,1,1,0.75,2.81,2.06,1.16,10.98,183,0.266903915,0.733096085,0.412811388,16.66666667,244,157.7586207,0.36407767,1.546666667,14.64
2054,1,0,1,1.88,1.03,1.27,1.86,12.542738479236956,148,1.825242718,1.233009709,1.805825243,11.79965605,78.72340426,79.56989247,1.480314961,0.989361702,6.671669404
2052,1,0,0,0.75,0.67,0.6,1.27,10.37,226,1.119402985,0.895522388,1.895522388,21.79363549,301.3333333,177.9527559,1.25,1.693333333,13.82666667
2174,0,0,1,0.75,3.17,12.25,1.17,33.5,256,0.23659306,3.864353312,0.369085174,7.641791045,341.3333333,218.8034188,0.06122449,1.56,44.66666667
2195,1,1,1,1.83,3.6475052884625474,1.448721237287859,1.35,6.19,261,0.501712775,0.397181395,0.370115982,42.16478191,142.6229508,193.3333333,1.263182973,0.737704918,3.382513661
453,0,1,1,3.87,2.41,1.49,1.07,45.69,478,1.605809129,0.618257261,0.443983402,10.46180784,123.5142119,446.728972,2.597315436,0.276485788,11.80620155
694,1,0,1,2.23,0.51,0.13,1.56,15.63,307,4.37254902,0.254901961,3.058823529,19.64171465,137.6681614,196.7948718,17.15384615,0.69955157,7.00896861
378,0,0,0,0.75,0.41,1.04,0.5,19.92,287,1.829268293,2.536585366,1.219512195,14.40763052,382.6666667,574,0.721153846,0.666666667,26.56
1747,0,0,0,0.75,2.12,1.28,2.53,28.71,410,0.353773585,0.603773585,1.193396226,14.28073842,546.6666667,162.055336,0.5859375,3.373333333,38.28
376,0,0,0,0.75,0.37,0.5,1.11,28.96,538,2.027027027,1.351351351,3,18.57734807,717.3333333,484.6846847,1.5,1.48,38.61333333
460,0,0,0,2.04,0.36,0.91,1.7,21.65,269.49238730305484,5.666666667,2.527777778,4.722222222,12.44768533,132.1041114,158.5249337,2.241758242,0.833333333,10.6127451
600,1,0,1,2.53,0.1,0.62,1.54,16.87,250,25.3,6.2,15.4,14.81920569,98.81422925,162.3376623,4.080645161,0.608695652,6.66798419
1722,1,0,0,0.75,4.38,1.55,3.38,24.25,379,0.171232877,0.353881279,0.771689498,15.62886598,505.3333333,112.1301775,0.483870968,4.506666667,32.33333333
420,0,0,0,1.63,1.9,3.49,1.08,7.62,210.0639172969578,0.857894737,1.836842105,0.568421053,27.56744321,128.8735689,194.5036271,0.467048711,0.662576687,4.674846626
1519,0,0,1,0.75,2.3899566642029715,1.2290069931058492,1.32,15.85,143,0.313813221,0.514238192,0.55231127,9.022082019,190.6666667,108.3333333,0.610248765,1.76,21.13333333
395,0,0,0,0.75,1.15,1.56,0.5,14.91,477,0.652173913,1.356521739,0.434782609,31.99195171,636,954,0.480769231,0.666666667,19.88
964,0,0,0,0.75,0.1,0.1,2.22,10.87,221,7.5,1,22.2,20.33118675,294.6666667,99.54954955,7.5,2.96,14.49333333
876,0,1,1,5,5.48,1.82,10,27.62,291,0.912408759,0.332116788,1.824817518,10.53584359,58.2,29.1,2.747252747,2,5.524
1044,0,0,0,2.38,4.31,5.89,2.03,45.97,272,0.552204176,1.366589327,0.47099768,5.916902328,114.2857143,133.9901478,0.404074703,0.852941176,19.31512605
746,0,0,0,2.13,0.1,0.1,1.76,14.91,238.9716783432367,21.3,1,17.6,16.02761089,112.1932762,135.7793627,21.3,0.82629108,7
729,1,0,0,3.26,0.1,0.1,1.86,11.73,168,32.6,1,18.6,14.32225064,51.53374233,90.32258065,32.6,0.570552147,3.598159509
2173,0,0,0,3.1458796561655724,17.77,2.16,10.8,16.1,427,0.177033183,0.12155318,0.607765898,26.52173913,135.7331006,39.53703704,1.456425767,3.43306203,5.117805434
1496,1,1,1,0.75,2.9006603002648768,1.311936567752632,2.25,18.87,308,0.258561818,0.452288938,0.775685453,16.32220456,410.6666667,136.8888889,0.571673981,3,25.16
526,0,1,1,0.75,1.5765538020288372,1.068307236191716,0.5,12.25,283,0.475721158,0.677621807,0.317147439,23.10204082,377.3333333,566,0.702045231,0.666666667,16.33333333
